# ************************************************************
# Sequel Pro SQL dump
# Version 4499
#
# http://www.sequelpro.com/
# https://github.com/sequelpro/sequelpro
#
# Host: 127.0.0.1 (MySQL 5.6.25)
# Database: tree_menu
# Generation Time: 2017-11-23 14:33:39 +0000
# ************************************************************


/*!40101 SET @OLD_CHARACTER_SET_CLIENT=@@CHARACTER_SET_CLIENT */;
/*!40101 SET @OLD_CHARACTER_SET_RESULTS=@@CHARACTER_SET_RESULTS */;
/*!40101 SET @OLD_COLLATION_CONNECTION=@@COLLATION_CONNECTION */;
/*!40101 SET NAMES utf8 */;
/*!40014 SET @OLD_FOREIGN_KEY_CHECKS=@@FOREIGN_KEY_CHECKS, FOREIGN_KEY_CHECKS=0 */;
/*!40101 SET @OLD_SQL_MODE=@@SQL_MODE, SQL_MODE='NO_AUTO_VALUE_ON_ZERO' */;
/*!40111 SET @OLD_SQL_NOTES=@@SQL_NOTES, SQL_NOTES=0 */;


# Dump of table auth_group
# ------------------------------------------------------------

DROP TABLE IF EXISTS `auth_group`;

CREATE TABLE `auth_group` (
  `id` int(11) NOT NULL AUTO_INCREMENT,
  `name` varchar(80) NOT NULL,
  PRIMARY KEY (`id`),
  UNIQUE KEY `name` (`name`)
) ENGINE=InnoDB DEFAULT CHARSET=utf8;



# Dump of table auth_group_permissions
# ------------------------------------------------------------

DROP TABLE IF EXISTS `auth_group_permissions`;

CREATE TABLE `auth_group_permissions` (
  `id` int(11) NOT NULL AUTO_INCREMENT,
  `group_id` int(11) NOT NULL,
  `permission_id` int(11) NOT NULL,
  PRIMARY KEY (`id`),
  UNIQUE KEY `auth_group_permissions_group_id_0cd325b0_uniq` (`group_id`,`permission_id`),
  KEY `auth_group_permissi_permission_id_84c5c92e_fk_auth_permission_id` (`permission_id`),
  CONSTRAINT `auth_group_permissi_permission_id_84c5c92e_fk_auth_permission_id` FOREIGN KEY (`permission_id`) REFERENCES `auth_permission` (`id`),
  CONSTRAINT `auth_group_permissions_group_id_b120cbf9_fk_auth_group_id` FOREIGN KEY (`group_id`) REFERENCES `auth_group` (`id`)
) ENGINE=InnoDB DEFAULT CHARSET=utf8;



# Dump of table auth_permission
# ------------------------------------------------------------

DROP TABLE IF EXISTS `auth_permission`;

CREATE TABLE `auth_permission` (
  `id` int(11) NOT NULL AUTO_INCREMENT,
  `name` varchar(255) NOT NULL,
  `content_type_id` int(11) NOT NULL,
  `codename` varchar(100) NOT NULL,
  PRIMARY KEY (`id`),
  UNIQUE KEY `auth_permission_content_type_id_01ab375a_uniq` (`content_type_id`,`codename`),
  CONSTRAINT `auth_permissi_content_type_id_2f476e4b_fk_django_content_type_id` FOREIGN KEY (`content_type_id`) REFERENCES `django_content_type` (`id`)
) ENGINE=InnoDB DEFAULT CHARSET=utf8;

LOCK TABLES `auth_permission` WRITE;
/*!40000 ALTER TABLE `auth_permission` DISABLE KEYS */;

INSERT INTO `auth_permission` (`id`, `name`, `content_type_id`, `codename`)
VALUES
	(1,'Can add log entry',1,'add_logentry'),
	(2,'Can change log entry',1,'change_logentry'),
	(3,'Can delete log entry',1,'delete_logentry'),
	(4,'Can add permission',2,'add_permission'),
	(5,'Can change permission',2,'change_permission'),
	(6,'Can delete permission',2,'delete_permission'),
	(7,'Can add group',3,'add_group'),
	(8,'Can change group',3,'change_group'),
	(9,'Can delete group',3,'delete_group'),
	(10,'Can add user',4,'add_user'),
	(11,'Can change user',4,'change_user'),
	(12,'Can delete user',4,'delete_user'),
	(13,'Can add content type',5,'add_contenttype'),
	(14,'Can change content type',5,'change_contenttype'),
	(15,'Can delete content type',5,'delete_contenttype'),
	(16,'Can add session',6,'add_session'),
	(17,'Can change session',6,'change_session'),
	(18,'Can delete session',6,'delete_session'),
	(19,'Can add Continent/Country/City',7,'add_menu'),
	(20,'Can change Continent/Country/City',7,'change_menu'),
	(21,'Can delete Continent/Country/City',7,'delete_menu');

/*!40000 ALTER TABLE `auth_permission` ENABLE KEYS */;
UNLOCK TABLES;


# Dump of table auth_user
# ------------------------------------------------------------

DROP TABLE IF EXISTS `auth_user`;

CREATE TABLE `auth_user` (
  `id` int(11) NOT NULL AUTO_INCREMENT,
  `password` varchar(128) NOT NULL,
  `last_login` datetime(6) DEFAULT NULL,
  `is_superuser` tinyint(1) NOT NULL,
  `username` varchar(30) NOT NULL,
  `first_name` varchar(30) NOT NULL,
  `last_name` varchar(30) NOT NULL,
  `email` varchar(254) NOT NULL,
  `is_staff` tinyint(1) NOT NULL,
  `is_active` tinyint(1) NOT NULL,
  `date_joined` datetime(6) NOT NULL,
  PRIMARY KEY (`id`),
  UNIQUE KEY `username` (`username`)
) ENGINE=InnoDB DEFAULT CHARSET=utf8;

LOCK TABLES `auth_user` WRITE;
/*!40000 ALTER TABLE `auth_user` DISABLE KEYS */;

INSERT INTO `auth_user` (`id`, `password`, `last_login`, `is_superuser`, `username`, `first_name`, `last_name`, `email`, `is_staff`, `is_active`, `date_joined`)
VALUES
	(1,'pbkdf2_sha256$24000$FYHsdQrc6yrI$wGr9PFhDp4kyYUyYmIB7Z5zHD65+nMr2HFQk+75/lWI=','2017-11-23 07:31:22.421219',1,'admin','','','',1,1,'2017-11-23 07:31:15.773138');

/*!40000 ALTER TABLE `auth_user` ENABLE KEYS */;
UNLOCK TABLES;


# Dump of table auth_user_groups
# ------------------------------------------------------------

DROP TABLE IF EXISTS `auth_user_groups`;

CREATE TABLE `auth_user_groups` (
  `id` int(11) NOT NULL AUTO_INCREMENT,
  `user_id` int(11) NOT NULL,
  `group_id` int(11) NOT NULL,
  PRIMARY KEY (`id`),
  UNIQUE KEY `auth_user_groups_user_id_94350c0c_uniq` (`user_id`,`group_id`),
  KEY `auth_user_groups_group_id_97559544_fk_auth_group_id` (`group_id`),
  CONSTRAINT `auth_user_groups_group_id_97559544_fk_auth_group_id` FOREIGN KEY (`group_id`) REFERENCES `auth_group` (`id`),
  CONSTRAINT `auth_user_groups_user_id_6a12ed8b_fk_auth_user_id` FOREIGN KEY (`user_id`) REFERENCES `auth_user` (`id`)
) ENGINE=InnoDB DEFAULT CHARSET=utf8;



# Dump of table auth_user_user_permissions
# ------------------------------------------------------------

DROP TABLE IF EXISTS `auth_user_user_permissions`;

CREATE TABLE `auth_user_user_permissions` (
  `id` int(11) NOT NULL AUTO_INCREMENT,
  `user_id` int(11) NOT NULL,
  `permission_id` int(11) NOT NULL,
  PRIMARY KEY (`id`),
  UNIQUE KEY `auth_user_user_permissions_user_id_14a6b632_uniq` (`user_id`,`permission_id`),
  KEY `auth_user_user_perm_permission_id_1fbb5f2c_fk_auth_permission_id` (`permission_id`),
  CONSTRAINT `auth_user_user_perm_permission_id_1fbb5f2c_fk_auth_permission_id` FOREIGN KEY (`permission_id`) REFERENCES `auth_permission` (`id`),
  CONSTRAINT `auth_user_user_permissions_user_id_a95ead1b_fk_auth_user_id` FOREIGN KEY (`user_id`) REFERENCES `auth_user` (`id`)
) ENGINE=InnoDB DEFAULT CHARSET=utf8;



# Dump of table django_admin_log
# ------------------------------------------------------------

DROP TABLE IF EXISTS `django_admin_log`;

CREATE TABLE `django_admin_log` (
  `id` int(11) NOT NULL AUTO_INCREMENT,
  `action_time` datetime(6) NOT NULL,
  `object_id` longtext,
  `object_repr` varchar(200) NOT NULL,
  `action_flag` smallint(5) unsigned NOT NULL,
  `change_message` longtext NOT NULL,
  `content_type_id` int(11) DEFAULT NULL,
  `user_id` int(11) NOT NULL,
  PRIMARY KEY (`id`),
  KEY `django_admin__content_type_id_c4bce8eb_fk_django_content_type_id` (`content_type_id`),
  KEY `django_admin_log_user_id_c564eba6_fk_auth_user_id` (`user_id`),
  CONSTRAINT `django_admin__content_type_id_c4bce8eb_fk_django_content_type_id` FOREIGN KEY (`content_type_id`) REFERENCES `django_content_type` (`id`),
  CONSTRAINT `django_admin_log_user_id_c564eba6_fk_auth_user_id` FOREIGN KEY (`user_id`) REFERENCES `auth_user` (`id`)
) ENGINE=InnoDB DEFAULT CHARSET=utf8;

LOCK TABLES `django_admin_log` WRITE;
/*!40000 ALTER TABLE `django_admin_log` DISABLE KEYS */;

INSERT INTO `django_admin_log` (`id`, `action_time`, `object_id`, `object_repr`, `action_flag`, `change_message`, `content_type_id`, `user_id`)
VALUES
	(1,'2017-11-23 07:34:50.397758','1','Asia',1,'Added.',7,1),
	(2,'2017-11-23 07:35:15.184966','2','South America',1,'Added.',7,1),
	(3,'2017-11-23 07:35:29.236700','3','China',1,'Added.',7,1),
	(4,'2017-11-23 07:35:38.774149','4','Shanghai',1,'Added.',7,1),
	(5,'2017-11-23 07:36:02.945228','5','Chile',1,'Added.',7,1),
	(6,'2017-11-23 07:36:13.601140','6','North America',1,'Added.',7,1),
	(7,'2017-11-23 07:36:20.402923','7','USA',1,'Added.',7,1),
	(8,'2017-11-23 07:36:49.379948','8','New York',1,'Added.',7,1),
	(9,'2017-11-23 14:11:47.219257','9','Xuhui',1,'Added.',7,1);

/*!40000 ALTER TABLE `django_admin_log` ENABLE KEYS */;
UNLOCK TABLES;


# Dump of table django_content_type
# ------------------------------------------------------------

DROP TABLE IF EXISTS `django_content_type`;

CREATE TABLE `django_content_type` (
  `id` int(11) NOT NULL AUTO_INCREMENT,
  `app_label` varchar(100) NOT NULL,
  `model` varchar(100) NOT NULL,
  PRIMARY KEY (`id`),
  UNIQUE KEY `django_content_type_app_label_76bd3d3b_uniq` (`app_label`,`model`)
) ENGINE=InnoDB DEFAULT CHARSET=utf8;

LOCK TABLES `django_content_type` WRITE;
/*!40000 ALTER TABLE `django_content_type` DISABLE KEYS */;

INSERT INTO `django_content_type` (`id`, `app_label`, `model`)
VALUES
	(1,'admin','logentry'),
	(3,'auth','group'),
	(2,'auth','permission'),
	(4,'auth','user'),
	(5,'contenttypes','contenttype'),
	(6,'sessions','session'),
	(7,'tree_menu','menu');

/*!40000 ALTER TABLE `django_content_type` ENABLE KEYS */;
UNLOCK TABLES;


# Dump of table django_migrations
# ------------------------------------------------------------

DROP TABLE IF EXISTS `django_migrations`;

CREATE TABLE `django_migrations` (
  `id` int(11) NOT NULL AUTO_INCREMENT,
  `app` varchar(255) NOT NULL,
  `name` varchar(255) NOT NULL,
  `applied` datetime(6) NOT NULL,
  PRIMARY KEY (`id`)
) ENGINE=InnoDB DEFAULT CHARSET=utf8;

LOCK TABLES `django_migrations` WRITE;
/*!40000 ALTER TABLE `django_migrations` DISABLE KEYS */;

INSERT INTO `django_migrations` (`id`, `app`, `name`, `applied`)
VALUES
	(1,'contenttypes','0001_initial','2017-11-23 07:30:29.407168'),
	(2,'auth','0001_initial','2017-11-23 07:30:29.818283'),
	(3,'admin','0001_initial','2017-11-23 07:30:29.884746'),
	(4,'admin','0002_logentry_remove_auto_add','2017-11-23 07:30:29.922104'),
	(5,'contenttypes','0002_remove_content_type_name','2017-11-23 07:30:30.001968'),
	(6,'auth','0002_alter_permission_name_max_length','2017-11-23 07:30:30.042959'),
	(7,'auth','0003_alter_user_email_max_length','2017-11-23 07:30:30.073980'),
	(8,'auth','0004_alter_user_username_opts','2017-11-23 07:30:30.084206'),
	(9,'auth','0005_alter_user_last_login_null','2017-11-23 07:30:30.116789'),
	(10,'auth','0006_require_contenttypes_0002','2017-11-23 07:30:30.118815'),
	(11,'auth','0007_alter_validators_add_error_messages','2017-11-23 07:30:30.128042'),
	(12,'sessions','0001_initial','2017-11-23 07:30:30.173393'),
	(13,'tree_menu','0001_initial','2017-11-23 07:30:30.219179');

/*!40000 ALTER TABLE `django_migrations` ENABLE KEYS */;
UNLOCK TABLES;


# Dump of table django_session
# ------------------------------------------------------------

DROP TABLE IF EXISTS `django_session`;

CREATE TABLE `django_session` (
  `session_key` varchar(40) NOT NULL,
  `session_data` longtext NOT NULL,
  `expire_date` datetime(6) NOT NULL,
  PRIMARY KEY (`session_key`),
  KEY `django_session_de54fa62` (`expire_date`)
) ENGINE=InnoDB DEFAULT CHARSET=utf8;

LOCK TABLES `django_session` WRITE;
/*!40000 ALTER TABLE `django_session` DISABLE KEYS */;

INSERT INTO `django_session` (`session_key`, `session_data`, `expire_date`)
VALUES
	('r94sv9ef14jwgoar9hmxnelh1h7b9c18','OWUwZDRmOGMxNzk5YWZkNTRjOGI5MzFkM2I2MzdhZTc5YzNiYjdkZTp7Il9hdXRoX3VzZXJfaGFzaCI6ImU0ZTYzZGY2MjFiZjU0YTA5ZDY0NDNmMWRiOWIxZjkxMDM3ZmE2Y2EiLCJfYXV0aF91c2VyX2JhY2tlbmQiOiJkamFuZ28uY29udHJpYi5hdXRoLmJhY2tlbmRzLk1vZGVsQmFja2VuZCIsIl9hdXRoX3VzZXJfaWQiOiIxIn0=','2017-12-07 07:31:22.422976');

/*!40000 ALTER TABLE `django_session` ENABLE KEYS */;
UNLOCK TABLES;


# Dump of table tree_menu_menu
# ------------------------------------------------------------

DROP TABLE IF EXISTS `tree_menu_menu`;

CREATE TABLE `tree_menu_menu` (
  `id` int(11) NOT NULL AUTO_INCREMENT,
  `title` varchar(100) NOT NULL,
  `parent_id` int(11) DEFAULT NULL,
  PRIMARY KEY (`id`),
  UNIQUE KEY `title` (`title`),
  KEY `tree_menu_menu_parent_id_5be50dfe_fk_tree_menu_menu_id` (`parent_id`),
  CONSTRAINT `tree_menu_menu_parent_id_5be50dfe_fk_tree_menu_menu_id` FOREIGN KEY (`parent_id`) REFERENCES `tree_menu_menu` (`id`)
) ENGINE=InnoDB DEFAULT CHARSET=utf8;

LOCK TABLES `tree_menu_menu` WRITE;
/*!40000 ALTER TABLE `tree_menu_menu` DISABLE KEYS */;

INSERT INTO `tree_menu_menu` (`id`, `title`, `parent_id`)
VALUES
	(1,'Asia',NULL),
	(2,'South America',NULL),
	(3,'China',1),
	(4,'Shanghai',3),
	(5,'Chile',2),
	(6,'North America',NULL),
	(7,'USA',2),
	(8,'New York',7),
	(9,'Xuhui',4);

/*!40000 ALTER TABLE `tree_menu_menu` ENABLE KEYS */;
UNLOCK TABLES;



/*!40111 SET SQL_NOTES=@OLD_SQL_NOTES */;
/*!40101 SET SQL_MODE=@OLD_SQL_MODE */;
/*!40014 SET FOREIGN_KEY_CHECKS=@OLD_FOREIGN_KEY_CHECKS */;
/*!40101 SET CHARACTER_SET_CLIENT=@OLD_CHARACTER_SET_CLIENT */;
/*!40101 SET CHARACTER_SET_RESULTS=@OLD_CHARACTER_SET_RESULTS */;
/*!40101 SET COLLATION_CONNECTION=@OLD_COLLATION_CONNECTION */;
